name,operator,operator_norm,lat,lon,v6_layer,confidence,promotion_action,promotion_note,source_category,n_sources,physical_facility,address,source,note,ADMIN,CONTINENT,ISO_A3,SUBREGION,_source_file,cluster_id,coord_confidence,facility_type,has_operator,in_both_sources,merge_distance_m,merge_matched_name,merge_status,name_normalized,operator_tier,osm_id,osm_type,provider,region_code,sources,status,wikidata_id,year
AWS Asia Pacific (Malaysia),AWS,AWS,3.139,101.687,v5.1,0.85,,"Logical cloud-region pin, not a physical facility. Not eligible for land-transformation analysis; keep for reference.",Hyperscale Cloud,1,0.0,Address not publicly disclosed,,logical_region; 3 AZ(s) publicly disclosed; physical AZ-site discovery deferred (needs trade-press enrichment),Malaysia,Asia,MYS,South-Eastern Asia,,,source_native,cloud_region,True,False,,,,AWS Asia Pacific (Malaysia),,,,AWS,ap-southeast-5,Cloud Provider (AWS),,,
Alibaba Cloud Malaysia (Kuala Lumpur),Alibaba,Alibaba,3.142,101.69,v5.1,0.7167,,"Logical cloud-region pin, not a physical facility. Not eligible for land-transformation analysis; keep for reference.",Hyperscale Cloud,1,0.0,Address not publicly disclosed,,logical_region; 3 AZ(s) publicly disclosed; physical AZ-site discovery deferred (needs trade-press enrichment),Malaysia,Asia,MYS,South-Eastern Asia,,,source_native,cloud_region,True,False,,,,Alibaba Cloud Malaysia (Kuala Lumpur),,,,Alibaba,ap-southeast-3,Cloud Provider (Alibaba),,,
Azure Malaysia West,Azure,Azure,3.139,101.687,v5.1,0.85,,"Logical cloud-region pin, not a physical facility. Not eligible for land-transformation analysis; keep for reference.",Hyperscale Cloud,1,0.0,Address not publicly disclosed,,logical_region; 3 AZ(s) publicly disclosed; physical AZ-site discovery deferred (needs trade-press enrichment),Malaysia,Asia,MYS,South-Eastern Asia,,,source_native,cloud_region,True,False,,,,Azure Malaysia West,,,,Azure,malaysiawest,Cloud Provider (Azure),,,
Google Cloud asia-southeast3 (Malaysia),GCP,GCP,3.14,101.688,v5.1,0.85,,"Logical cloud-region pin, not a physical facility. Not eligible for land-transformation analysis; keep for reference.",Hyperscale Cloud,1,0.0,Address not publicly disclosed,,logical_region; 3 AZ(s) publicly disclosed; physical AZ-site discovery deferred (needs trade-press enrichment),Malaysia,Asia,MYS,South-Eastern Asia,,,source_native,cloud_region,True,False,,,,Google Cloud asia-southeast3 (Malaysia),,,,GCP,asia-southeast3,Cloud Provider (GCP),,,
IRIX DC,,IRIX DC,1.7096888,110.3534142,v5.1,0.2833,,"Logical cloud-region pin, not a physical facility. Not eligible for land-transformation analysis; keep for reference.",OSM Only,1,1.0,"1438, Jln Sultan, 93050 Kuching, Sarawak, Malaysia",,,Malaysia,Asia,MYS,South-Eastern Asia,,,source_native,physical_facility,False,False,,,,IRIX Data Center,,13197364001.0,,,,OpenStreetMap,,,
Oracle Cloud Kuala Lumpur (kix),Oracle,Oracle,3.141,101.689,v5.1,0.85,,"Logical cloud-region pin, not a physical facility. Not eligible for land-transformation analysis; keep for reference.",Hyperscale Cloud,1,0.0,Address not publicly disclosed,,logical_region; 1 AZ(s) publicly disclosed; physical AZ-site discovery deferred (needs trade-press enrichment),Malaysia,Asia,MYS,South-Eastern Asia,,,source_native,cloud_region,True,False,,,,Oracle Cloud Kuala Lumpur (kix),,,,Oracle,ap-kuala-lumpur-1,Cloud Provider (Oracle),,,
Bridge Data Centres MY02 (Cyberjaya),Bridge Data Centres,Bridge Data Centres,2.9171543,101.6619044,v5.1,0.94,,"Logical cloud-region pin, not a physical facility. Not eligible for land-transformation analysis; keep for reference.",Trade Press,1,1.0,"7118, Jalan Impact, Cyberjaya, 63000 Cyberjaya, Selangor, Malaysia",,,Malaysia,Asia,MYS,South-Eastern Asia,,,geocoded,physical_facility,True,False,,,,Bridge Data Centres MY02 (Cyberjaya),,,,,,Trade Press (NER extraction),Unknown,,2024.0
Bridge Data Centres (Johor),Bridge Data Centres,Bridge Data Centres,1.68,103.43,v5.1,0.4333,,"Logical cloud-region pin, not a physical facility. Not eligible for land-transformation analysis; keep for reference.",Trade Press,1,1.0,"MCJJ+22 Kayu Ara Pasong, Johor, Malaysia",,,Malaysia,Asia,MYS,South-Eastern Asia,,,manual_correction,physical_facility,True,False,,,,Bridge Data Centres (Johor),,,,,,Trade Press (NER extraction),Unknown,,2024.0
AIMS Bangunan AIMS / KL2 (Kuala Lumpur),AIMS,AIMS,3.1493525,101.7060731,v5.1,0.3733,,"Logical cloud-region pin, not a physical facility. Not eligible for land-transformation analysis; keep for reference.",Trade Press,1,1.0,"Lot 17.01, 17th Floor, MCB Plaza 6, Changkat Raja Chulan, 50200, Kuala Lumpur, WP Kuala Lumpur, Bukit Ceylon, 50200 Kuala Lumpur, Federal Territory of Kuala Lumpur, Malaysia",,,Malaysia,Asia,MYS,South-Eastern Asia,,,geocoded,physical_facility,True,False,,,,AIMS Bangunan AIMS / KL2 (Kuala Lumpur),,,,,,Trade Press (NER extraction),Operational,,2024.0
AIMS Cyberjaya Block 2,AIMS,AIMS,2.938,101.657,v5.1,0.8667,,"Logical cloud-region pin, not a physical facility. Not eligible for land-transformation analysis; keep for reference.",Trade Press,2,1.0,"WMQ4+6Q Cyberjaya, Selangor, Malaysia",,,Malaysia,Asia,MYS,South-Eastern Asia,,,manual_correction,physical_facility,True,False,,,,AIMS Cyberjaya Block 2,,,,,,Trade Press (NER extraction); OpenStreetMap,Unknown,,2025.0
NTT Gelang Patah Campus (Johor),NTT DATA,NTT DATA,1.4515013,103.5970167,v5.1,0.3733,,"Logical cloud-region pin, not a physical facility. Not eligible for land-transformation analysis; keep for reference.",Trade Press,1,1.0,"Jalan Skudai - Gelang Patah, 81550 Gelang Patah, Johor Darul Ta'zim, Malaysia",,,Malaysia,Asia,MYS,South-Eastern Asia,,,geocoded,physical_facility,True,False,,,,NTT Gelang Patah Campus (Johor),,,,,,Trade Press (NER extraction),Under Construction,,2027.0
NTT Cyberjaya CBJ6,NTT DATA,NTT DATA,2.9272384,101.6588555,v5.1,0.3733,,"Logical cloud-region pin, not a physical facility. Not eligible for land-transformation analysis; keep for reference.",Trade Press,1,1.0,"43000, Persiaran APEC, Cyberjaya, 63000 Cyberjaya, Selangor, Malaysia",,,Malaysia,Asia,MYS,South-Eastern Asia,,,geocoded,physical_facility,True,False,,,,NTT Cyberjaya CBJ6,,,,,,Trade Press (NER extraction),Operational,,2024.0
"YTL Green Data Center Park (Kulai, Johor)",YTL Power,YTL Power,1.6205686,103.5215847,v5.1,0.94,,"Logical cloud-region pin, not a physical facility. Not eligible for land-transformation analysis; keep for reference.",Trade Press,1,1.0,"JGCC+6J Gunung Pulai Recreational Forest, Pekan Nanas, Johor Darul Ta'zim, Malaysia",,,Malaysia,Asia,MYS,South-Eastern Asia,,,geocoded,physical_facility,True,False,,,,"YTL Green Data Center Park (Kulai, Johor)",,,,,,Trade Press (NER extraction),Unknown,,2023.0
Telekom Malaysia KVDC (Cyberjaya),Telekom Malaysia,Telekom Malaysia,2.9320918,101.6570765,v5.1,0.8067,,"Logical cloud-region pin, not a physical facility. Not eligible for land-transformation analysis; keep for reference.",Trade Press,2,1.0,"Kompleks TM Cyberjaya, Cyberjaya, 63000 Cyberjaya, Selangor, Malaysia",,,Malaysia,Asia,MYS,South-Eastern Asia,,,geocoded,physical_facility,True,False,,,,Telekom Malaysia KVDC (Cyberjaya),,,,,,Trade Press (NER extraction); OpenStreetMap,Operational,,2019.0
Telekom Malaysia IPDC (Iskandar Puteri),Telekom Malaysia,Telekom Malaysia,1.4349479,103.5984284,v5.1,0.94,,"Logical cloud-region pin, not a physical facility. Not eligible for land-transformation analysis; keep for reference.",Trade Press,1,1.0,"CHPX+6G, Kampung Baharu, 81550 Gelang Patah, Johor, Malaysia",,,Malaysia,Asia,MYS,South-Eastern Asia,,,geocoded,physical_facility,True,False,,,,Telekom Malaysia IPDC (Iskandar Puteri),,,,,,Trade Press (NER extraction),Unknown,,2024.0
TM-Nxera JV Campus (Johor),TM / Nxera,Telekom Malaysia / Nxera,1.434379,103.620491,v5.1,0.3733,,"Logical cloud-region pin, not a physical facility. Not eligible for land-transformation analysis; keep for reference.",Trade Press,1,1.0,"CJMC+Q5, 79100 Gelang Patah, Johor, Malaysia",,,Malaysia,Asia,MYS,South-Eastern Asia,,,geocoded,physical_facility,True,False,,,,TM-Nxera JV Campus (Johor),,,,,,Trade Press (NER extraction),Unknown,,2024.0
Area Group Campus (Kedah),Area Group,Area Group,6.5058846,100.4250382,v5.1,0.3733,,"Logical cloud-region pin, not a physical facility. Not eligible for land-transformation analysis; keep for reference.",Trade Press,1,1.0,"GC4G+92 Bukit Kayu Hitam, Kedah, Malaysia",,,Malaysia,Asia,MYS,South-Eastern Asia,,,geocoded,physical_facility,True,False,,,,Area Group Campus (Kedah),,,,,,Trade Press (NER extraction),Under Construction,,2024.0
AirTrunk JHB1 (Johor),AirTrunk,AirTrunk,1.4798575,103.7642576,v5.1,0.8067,,"Logical cloud-region pin, not a physical facility. Not eligible for land-transformation analysis; keep for reference.",Trade Press,1,1.0,"Chak number 483 jb tehsil shorkot district jhang, Taman Abad, 80300 Johor Bahru, Johor, Malaysia",,,Malaysia,Asia,MYS,South-Eastern Asia,,,geocoded,physical_facility,True,False,,,,AirTrunk JHB1 (Johor),,,,,,Trade Press (NER extraction),Operational,,2024.0
AirTrunk JHB2 (Johor),AirTrunk,AirTrunk,1.43,103.6,v5.1,0.4333,,"Logical cloud-region pin, not a physical facility. Not eligible for land-transformation analysis; keep for reference.",Trade Press,1,1.0,"CJJ2+22 Gelang Patah, Johor, Malaysia",,,Malaysia,Asia,MYS,South-Eastern Asia,,,manual_correction,physical_facility,True,False,,,,AirTrunk JHB2 (Johor),,,,,,Trade Press (NER extraction),Planned,,2025.0
Vantage Cyberjaya Campus 2,Vantage Data Centers,Vantage Data Centers,2.9041534,101.6516027,v5.1,0.94,,"Logical cloud-region pin, not a physical facility. Not eligible for land-transformation analysis; keep for reference.",Trade Press,1,1.0,"15, Jalan Cyber Point 4, Cyber 8, 63000 Cyberjaya, Selangor, Malaysia",,,Malaysia,Asia,MYS,South-Eastern Asia,,,geocoded,physical_facility,True,False,,,,Vantage Cyberjaya Campus 2,,,,,,Trade Press (NER extraction),Under Construction,,2024.0
Vantage / Yondr Sedenak (Johor),Vantage / Yondr,Vantage / Yondr,1.6981517,103.4085948,v5.1,0.94,,"Logical cloud-region pin, not a physical facility. Not eligible for land-transformation analysis; keep for reference.",Trade Press,6,1.0,"MCX5+7C Kayu Ara Pasong, Johor, Malaysia",,osm_way=1432337902@352m | osm_way=1432337903@439m | osm_way=1432337905@122m | osm_way=1432337910@421m | osm_way=1432337911@245m,Malaysia,Asia,MYS,South-Eastern Asia,,,geocoded,physical_facility,True,False,,,,Vantage / Yondr Sedenak (Johor),,,,,,Trade Press (NER extraction),Under Development,,2025.0
DayOne (Johor),DayOne,DayOne,1.4343363,103.5996679,v5.1,0.94,,"Logical cloud-region pin, not a physical facility. Not eligible for land-transformation analysis; keep for reference.",Trade Press,1,1.0,"11, Jln Teknologi Perintis 1/2, Kampung Baharu, 81550 Gelang Patah, Johor Darul Ta'zim, Malaysia",,,Malaysia,Asia,MYS,South-Eastern Asia,,,geocoded,physical_facility,True,False,,,,DayOne (Johor),,,,,,Trade Press (NER extraction),Unknown,,
EdgeConneX Cyberjaya,EdgeConneX,EdgeConneX,2.921318,101.6559349,v5.1,0.8067,,"Logical cloud-region pin, not a physical facility. Not eligible for land-transformation analysis; keep for reference.",Trade Press,1,1.0,"WMC4+G9 Cyberjaya, Selangor, Malaysia",,,Malaysia,Asia,MYS,South-Eastern Asia,,,geocoded,physical_facility,True,False,,,,EdgeConneX Cyberjaya,,,,,,Trade Press (NER extraction),Unknown,,
EdgeConneX Johor,EdgeConneX,EdgeConneX,1.4798575,103.7642576,v5.1,0.8067,,"Logical cloud-region pin, not a physical facility. Not eligible for land-transformation analysis; keep for reference.",Trade Press,1,1.0,"Chak number 483 jb tehsil shorkot district jhang, Taman Abad, 80300 Johor Bahru, Johor, Malaysia",,,Malaysia,Asia,MYS,South-Eastern Asia,,,geocoded,physical_facility,True,False,,,,EdgeConneX Johor,,,,,,Trade Press (NER extraction),Unknown,,
EdgeConneX Bukit Jalil,EdgeConneX,EdgeConneX,3.0586745,101.6917068,v5.1,0.3733,,"Logical cloud-region pin, not a physical facility. Not eligible for land-transformation analysis; keep for reference.",Trade Press,1,1.0,"Ppa1m, Bukit Jalil, 57000 Kuala Lumpur, Wilayah Persekutuan Kuala Lumpur, Malaysia",,,Malaysia,Asia,MYS,South-Eastern Asia,,,geocoded,physical_facility,True,False,,,,EdgeConneX Bukit Jalil,,,,,,Trade Press (NER extraction),Unknown,,
Princeton Digital Group JH1 (Johor),Princeton Digital Group,Princeton Digital Group,1.6923009,103.4145192,v5.1,0.94,,"Logical cloud-region pin, not a physical facility. Not eligible for land-transformation analysis; keep for reference.",Trade Press,3,1.0,"MCR7+WR Kayu Ara Pasong, Johor, Malaysia",,"osm_way=1432337899@239m || merged_from='Princeton Digital JH1 Campus (Sedenak)'@(1.6925127,103.4147133) src=Manual Curation [same-op coord-tight] [carries osm_way=1432337900@363m; osm_way=1432337901@262m]",Malaysia,Asia,MYS,South-Eastern Asia,,,geocoded,physical_facility,True,False,,,,Princeton Digital Group JH1 (Johor),,,,,,Trade Press (NER extraction),Unknown,,
K2 Strategic Sedenak (Johor),K2 Strategic,K2 Strategic,1.7,103.4,v5.1,0.4333,,"Logical cloud-region pin, not a physical facility. Not eligible for land-transformation analysis; keep for reference.",Trade Press,1,1.0,"P92X+2X Kayu Ara Pasong, Johor, Malaysia",,,Malaysia,Asia,MYS,South-Eastern Asia,,,manual_correction,physical_facility,True,False,,,,K2 Strategic Sedenak (Johor),,,,,,Trade Press (NER extraction),Operational,,2024.0
"Open DC PE2 (Bayan Lepas, Penang)",Open DC,Open DC,5.2966983,100.2894956,v5.1,0.3733,,"Logical cloud-region pin, not a physical facility. Not eligible for land-transformation analysis; keep for reference.",Trade Press,1,1.0,"Plot 18 & 19, Medan Bayan Lepas, Bayan Lepas Industrial Park, 11900 Bayan Lepas, Pulau Pinang, Malaysia",,,Malaysia,Asia,MYS,South-Eastern Asia,,,geocoded,physical_facility,True,False,,,,"Open DC PE2 (Bayan Lepas, Penang)",,,,,,Trade Press (NER extraction),Operational,,2025.0
"Empyrion Digital MY1 (Nusajaya, Johor)",Empyrion Digital,Empyrion Digital,1.4343363,103.5996679,v5.1,0.94,,"Logical cloud-region pin, not a physical facility. Not eligible for land-transformation analysis; keep for reference.",Trade Press,1,1.0,"11, Jln Teknologi Perintis 1/2, Kampung Baharu, 81550 Gelang Patah, Johor Darul Ta'zim, Malaysia",,,Malaysia,Asia,MYS,South-Eastern Asia,,,geocoded,physical_facility,True,False,,,,"Empyrion Digital MY1 (Nusajaya, Johor)",,,,,,Trade Press (NER extraction),Planned,,2025.0
Bytedance (Johor),Bytedance,Bytedance,1.9343998,103.3587288,v5.1,0.3733,,"Logical cloud-region pin, not a physical facility. Not eligible for land-transformation analysis; keep for reference.",Trade Press,1,1.0,"W9M5+QF Renggam, Johor, Malaysia",,,Malaysia,Asia,MYS,South-Eastern Asia,,,geocoded,physical_facility,True,False,,,,Bytedance (Johor),,,,,,Trade Press (NER extraction),Unknown,,
Google Elmina Business Park (Selangor),Google,Google,3.2266053,101.5221802,v5.1,0.8067,,"Logical cloud-region pin, not a physical facility. Not eligible for land-transformation analysis; keep for reference.",Trade Press,2,1.0,"6GGC+JV Sungai Buloh, Selangor, Malaysia",,osm_way=1448536198@445m,Malaysia,Asia,MYS,South-Eastern Asia,,,geocoded,physical_facility,True,False,,,,Google Elmina Business Park (Selangor),,,,,,Trade Press (NER extraction),Unknown,,
Equinix KL1 (Cyberjaya),Equinix,Equinix,2.90443,101.6509691,v5.1,0.94,,"Logical cloud-region pin, not a physical facility. Not eligible for land-transformation analysis; keep for reference.",Manual Curation,1,1.0,,Manual Curation (public sources),"900 cabinets, 2630 sqm; No 2 Jalan Cyber Point 4; opened 2024; Equinix press release",Malaysia,Asia,MYS,South-Eastern Asia,,,geocoded,physical_facility,True,False,,,,Equinix KL1 (Cyberjaya),,,,,,Manual Curation (public sources),Operational,,2024.0
"Equinix JH1 (Iskandar Puteri, Johor)",Equinix,Equinix,1.4327058,103.5981429,v5.1,0.94,,"Logical cloud-region pin, not a physical facility. Not eligible for land-transformation analysis; keep for reference.",Manual Curation,1,1.0,,Manual Curation (public sources),"500 cabinets, 1800 sqm; Nusajaya Tech Park NTP; $40M investment; opened 2024; Equinix blog",Malaysia,Asia,MYS,South-Eastern Asia,,,geocoded,physical_facility,True,False,,,,"Equinix JH1 (Iskandar Puteri, Johor)",,,,,,Manual Curation (public sources),Operational,,2024.0
GDS Nusajaya NTP1 (Johor),GDS / DayOne,GDS / DayOne,1.4343363,103.5996679,v5.1,0.94,,"Logical cloud-region pin, not a physical facility. Not eligible for land-transformation analysis; keep for reference.",Manual Curation,1,1.0,,Manual Curation (public sources),Phase 1 building; 69.5MW total across NTP1-3; Nusajaya Tech Park; launched 2023; GDS press release,Malaysia,Asia,MYS,South-Eastern Asia,,,geocoded,physical_facility,True,False,,,,GDS Nusajaya NTP1 (Johor),,,,,,Manual Curation (public sources),Operational,,2023.0
GDS Nusajaya NTP2 (Johor),GDS / DayOne,GDS / DayOne,1.4353363,103.5996679,v5.1,0.88,,"Logical cloud-region pin, not a physical facility. Not eligible for land-transformation analysis; keep for reference.",Manual Curation,1,1.0,,Manual Curation (public sources),Phase 1 building; part of 69.5MW NTP campus; Nusajaya Tech Park; campus offset +0.001 lat; GDS press release,Malaysia,Asia,MYS,South-Eastern Asia,,,geocoded_with_campus_offset,physical_facility,True,False,,,,GDS Nusajaya NTP2 (Johor),,,,,,Manual Curation (public sources),Operational,,
GDS Nusajaya NTP3 (Johor),GDS / DayOne,GDS / DayOne,1.4363363,103.5996679,v5.1,0.88,,"Logical cloud-region pin, not a physical facility. Not eligible for land-transformation analysis; keep for reference.",Manual Curation,1,1.0,,Manual Curation (public sources),Phase 1 building; part of 69.5MW NTP campus; Nusajaya Tech Park; campus offset +0.002 lat; GDS press release,Malaysia,Asia,MYS,South-Eastern Asia,,,geocoded_with_campus_offset,physical_facility,True,False,,,,GDS Nusajaya NTP3 (Johor),,,,,,Manual Curation (public sources),Operational,,
GDS Kempas Lama (Johor),GDS / DayOne,GDS / DayOne,1.543196,103.6965002,v5.1,0.3733,,"Logical cloud-region pin, not a physical facility. Not eligible for land-transformation analysis; keep for reference.",Manual Curation,1,1.0,,Manual Curation (public sources),"New campus; Kempas Lama, Johor; Baxtel",Malaysia,Asia,MYS,South-Eastern Asia,,,geocoded,physical_facility,True,False,,,,GDS Kempas Lama (Johor),,,,,,Manual Curation (public sources),Under Construction,,
STT Cyberjaya DC.2,STT GDC / Basis Bay,STT GDC / Basis Bay,2.921318,101.6559349,v5.1,0.8067,,"Logical cloud-region pin, not a physical facility. Not eligible for land-transformation analysis; keep for reference.",Manual Curation,1,1.0,,Manual Curation (public sources),JV with Basis Bay; ~20MW across 2 buildings; LEED Gold target; STT GDC press release Nov 2023,Malaysia,Asia,MYS,South-Eastern Asia,,,geocoded,physical_facility,True,False,,,,STT Cyberjaya DC.2,,,,,,Manual Curation (public sources),Under Construction,,2023.0
STT Johor 1 (Nusa Cemerlang),STT GDC,STT GDC,1.445292,103.6037419,v5.1,0.8067,,"Logical cloud-region pin, not a physical facility. Not eligible for land-transformation analysis; keep for reference.",Manual Curation,1,1.0,,Manual Curation (public sources),"16MW first building; 22 acres, 120MW total campus; Nusa Cemerlang Industrial Park; groundbreaking Feb 2025; DCD",Malaysia,Asia,MYS,South-Eastern Asia,,,geocoded,physical_facility,True,False,,,,STT Johor 1 (Nusa Cemerlang),,,,,,Manual Curation (public sources),Under Construction,,2025.0
VADS CBJ1 (Cyberjaya),VADS (TM subsidiary),VADS (TM subsidiary),2.9254198,101.6629305,v5.1,0.8067,,"Logical cloud-region pin, not a physical facility. Not eligible for land-transformation analysis; keep for reference.",Manual Curation,1,1.0,,Manual Curation (public sources),Lingkaran Usahawan 1 Timur; Tier 3; ISO 27001; datacentermap.com snippet,Malaysia,Asia,MYS,South-Eastern Asia,,,geocoded,physical_facility,True,False,,,,VADS CBJ1 (Cyberjaya),,,,,,Manual Curation (public sources),Operational,,
VADS CBJ2 (Cyberjaya),VADS (TM subsidiary),VADS (TM subsidiary),2.917888,101.6456942,v5.1,0.3733,,"Logical cloud-region pin, not a physical facility. Not eligible for land-transformation analysis; keep for reference.",Manual Curation,1,1.0,,Manual Curation (public sources),"Bangunan TM CBJ Unit 2, Jalan Lingkaran Fauna; datacentermap.com snippet",Malaysia,Asia,MYS,South-Eastern Asia,,,geocoded,physical_facility,True,False,,,,VADS CBJ2 (Cyberjaya),,,,,,Manual Curation (public sources),Operational,,
VADS CBJ5 (Cyberjaya),VADS (TM subsidiary),VADS (TM subsidiary),2.9129573,101.6557385,v5.1,0.3733,,"Logical cloud-region pin, not a physical facility. Not eligible for land-transformation analysis; keep for reference.",Manual Curation,1,1.0,,Manual Curation (public sources),"CSF Computer Exchange, 3552 Jalan Teknokrat 6, 3rd Floor; datacentermap.com snippet",Malaysia,Asia,MYS,South-Eastern Asia,,,geocoded,physical_facility,True,False,,,,VADS CBJ5 (Cyberjaya),,,,,,Manual Curation (public sources),Operational,,
VADS CBJ6 (Cyberjaya),VADS (TM subsidiary),VADS (TM subsidiary),2.9171543,101.6619044,v5.1,0.94,,"Logical cloud-region pin, not a physical facility. Not eligible for land-transformation analysis; keep for reference.",Manual Curation,1,1.0,,Manual Curation (public sources),"CX2 Computer Exchange, 7118 Jalan Impact, 4th Floor; datacentermap.com snippet",Malaysia,Asia,MYS,South-Eastern Asia,,,geocoded,physical_facility,True,False,,,,VADS CBJ6 (Cyberjaya),,,,,,Manual Curation (public sources),Operational,,
VADS CBJ8 (Cyberjaya),VADS (TM subsidiary),VADS (TM subsidiary),2.9045487,101.6517587,v5.1,0.94,,"Logical cloud-region pin, not a physical facility. Not eligible for land-transformation analysis; keep for reference.",Manual Curation,1,1.0,,Manual Curation (public sources),"MyTelehaus CJ1 Centre, No 1 Jalan Cyber Point 4, Level 3; datacentercatalog.com",Malaysia,Asia,MYS,South-Eastern Asia,,,geocoded,physical_facility,True,False,,,,VADS CBJ8 (Cyberjaya),,,,,,Manual Curation (public sources),Operational,,
Keppel DC Johor 1 (Kulai),Keppel Data Centres,Keppel Data Centres,1.6686,103.5224,v5.1,0.4333,,"Logical cloud-region pin, not a physical facility. Not eligible for land-transformation analysis; keep for reference.",Manual Curation,1,1.0,,Manual Curation (public sources),"BTS for Microsoft Azure; Kulai area; Keppel-controlled; coords from XLSX (1.6686, 103.5224); Dgtl Infra",Malaysia,Asia,MYS,South-Eastern Asia,,,manual_correction,physical_facility,True,False,,,,Keppel DC Johor 1 (Kulai),,,,,,Manual Curation (public sources),Operational,,
STACK JHB01 (Johor Bahru),STACK Infrastructure,STACK Infrastructure,1.4619442,103.6034602,v5.1,0.3733,,"Logical cloud-region pin, not a physical facility. Not eligible for land-transformation analysis; keep for reference.",Manual Curation,1,1.0,,Manual Curation (public sources),10.8 hectares; cloud and AI/ML workloads; Jalan Bioteknologi; datacentermap.com snippet,Malaysia,Asia,MYS,South-Eastern Asia,,,geocoded,physical_facility,True,False,,,,STACK JHB01 (Johor Bahru),,,,,,Manual Curation (public sources),Under Construction,,
Hitachi Sunway DC CX2 (Cyberjaya),Hitachi Sunway,Hitachi Sunway,2.9173009,101.6620648,v5.1,0.94,,"Logical cloud-region pin, not a physical facility. Not eligible for land-transformation analysis; keep for reference.",Manual Curation,1,1.0,,Manual Curation (public sources),"7118 CX2 Computer Exchange, Jalan Impact; includes former Jalan Teknologi 1 site; datacentermap.com snippet",Malaysia,Asia,MYS,South-Eastern Asia,,,geocoded,physical_facility,True,False,,,,Hitachi Sunway DC CX2 (Cyberjaya),,,,,,Manual Curation (public sources),Operational,,
Hitachi Sunway DC Century Square (Cyberjaya),Hitachi Sunway,Hitachi Sunway,2.9250521,101.661399,v5.1,0.8067,,"Logical cloud-region pin, not a physical facility. Not eligible for land-transformation analysis; keep for reference.",Manual Curation,1,1.0,,Manual Curation (public sources),"Block 2310, Jalan Usahawan, Century Square; datacentermap.com snippet",Malaysia,Asia,MYS,South-Eastern Asia,,,geocoded,physical_facility,True,False,,,,Hitachi Sunway DC Century Square (Cyberjaya),,,,,,Manual Curation (public sources),Operational,,
NEXTDC KL1 (Kuala Lumpur),NEXTDC,NEXTDC,3.1319197,101.6840589,v5.1,0.3733,,"Logical cloud-region pin, not a physical facility. Not eligible for land-transformation analysis; keep for reference.",Manual Curation,1,1.0,,Manual Curation (public sources),65MW colocation; announced; GlobeNewswire / Arizton report,Malaysia,Asia,MYS,South-Eastern Asia,,,geocoded,physical_facility,True,False,,,,NEXTDC KL1 (Kuala Lumpur),,,,,,Manual Curation (public sources),Planned,,
Microsoft Kulai (Johor),Microsoft,Microsoft,1.6205686,103.5215847,v5.1,0.94,,"Logical cloud-region pin, not a physical facility. Not eligible for land-transformation analysis; keep for reference.",Manual Curation,1,1.0,,Manual Curation (public sources),"Part of Azure Malaysia region; Kulai, Johor; XLSX reference",Malaysia,Asia,MYS,South-Eastern Asia,,,geocoded,physical_facility,True,False,,,,Microsoft Kulai (Johor),,,,,,Manual Curation (public sources),Under Construction,,
Microsoft Nusa Cemerlang (Johor),Microsoft,Microsoft,1.445292,103.6037419,v5.1,0.8067,,"Logical cloud-region pin, not a physical facility. Not eligible for land-transformation analysis; keep for reference.",Manual Curation,1,1.0,,Manual Curation (public sources),"Part of Azure Malaysia region; Nusa Cemerlang, Iskandar Puteri; XLSX reference",Malaysia,Asia,MYS,South-Eastern Asia,,,geocoded,physical_facility,True,False,,,,Microsoft Nusa Cemerlang (Johor),,,,,,Manual Curation (public sources),Under Construction,,
Vantage KUL1 Campus (Cyberjaya),Vantage Data Centers,Vantage Data Centers,2.9057,101.6511358,v5.1,0.94,,"Logical cloud-region pin, not a physical facility. Not eligible for land-transformation analysis; keep for reference.",Manual Curation,1,1.0,,Manual Curation (public sources),31MW; 4 multi-story buildings; Persiaran APEC; WUE near zero; Vantage website,Malaysia,Asia,MYS,South-Eastern Asia,,,geocoded,physical_facility,True,False,,,,Vantage KUL1 Campus (Cyberjaya),,,,,,Manual Curation (public sources),Operational,,
Vantage KUL2 Campus (Cyberjaya),Vantage Data Centers,Vantage Data Centers,2.9016945,101.6506784,v5.1,0.8067,,"Logical cloud-region pin, not a physical facility. Not eligible for land-transformation analysis; keep for reference.",Manual Curation,1,1.0,,Manual Curation (public sources),436MW planned; 52 acres; adjacent to KUL1; 10 structures; Vantage website,Malaysia,Asia,MYS,South-Eastern Asia,,,geocoded,physical_facility,True,False,,,,Vantage KUL2 Campus (Cyberjaya),,,,,,Manual Curation (public sources),Under Construction,,
YTL Johor Data Center 1 (Kulai),YTL Data Center Holdings,YTL Data Center Holdings,1.6205686,103.5215847,v5.1,0.94,,"Logical cloud-region pin, not a physical facility. Not eligible for land-transformation analysis; keep for reference.",Manual Curation,1,1.0,,Manual Curation (public sources),Part of 275-acre YTL Green Data Center Park; Kulai; FULCRUM analysis,Malaysia,Asia,MYS,South-Eastern Asia,,,geocoded,physical_facility,True,False,,,,YTL Johor Data Center 1 (Kulai),,,,,,Manual Curation (public sources),Operational,,
YTL Johor Data Center 2 (Kulai),YTL Data Center Holdings,YTL Data Center Holdings,1.6215686,103.5215847,v5.1,0.88,,"Logical cloud-region pin, not a physical facility. Not eligible for land-transformation analysis; keep for reference.",Manual Curation,1,1.0,,Manual Curation (public sources),Part of 275-acre YTL Green Data Center Park; Kulai; campus offset +0.001 lat; FULCRUM analysis,Malaysia,Asia,MYS,South-Eastern Asia,,,geocoded_with_campus_offset,physical_facility,True,False,,,,YTL Johor Data Center 2 (Kulai),,,,,,Manual Curation (public sources),Operational,,
YTL Johor Data Center 3 (Kulai),YTL Data Center Holdings,YTL Data Center Holdings,1.6225686,103.5215847,v5.1,0.88,,"Logical cloud-region pin, not a physical facility. Not eligible for land-transformation analysis; keep for reference.",Manual Curation,1,1.0,,Manual Curation (public sources),Part of 275-acre YTL Green Data Center Park; Kulai; campus offset +0.002 lat; FULCRUM analysis,Malaysia,Asia,MYS,South-Eastern Asia,,,geocoded_with_campus_offset,physical_facility,True,False,,,,YTL Johor Data Center 3 (Kulai),,,,,,Manual Curation (public sources),Operational,,
Basis Bay Glenmarie (Shah Alam),Basis Bay,Basis Bay,3.09065,101.5791543,v5.1,0.3733,,"Logical cloud-region pin, not a physical facility. Not eligible for land-transformation analysis; keep for reference.",Manual Curation,1,1.0,,Manual Curation (public sources),"Glenmarie, Shah Alam; one of Malaysia's first carrier-neutral DCs; 27+ years; STT GDC JV announcement",Malaysia,Asia,MYS,South-Eastern Asia,,,geocoded,physical_facility,True,False,,,,Basis Bay Glenmarie (Shah Alam),,,,,,Manual Curation (public sources),Operational,,
Basis Bay Cyberjaya,Basis Bay,Basis Bay,2.9058489,101.6527141,v5.1,0.94,,"Logical cloud-region pin, not a physical facility. Not eligible for land-transformation analysis; keep for reference.",Manual Curation,1,1.0,,Manual Curation (public sources),Cyberjaya facility; Basis Bay; STT GDC JV announcement,Malaysia,Asia,MYS,South-Eastern Asia,,,geocoded,physical_facility,True,False,,,,Basis Bay Cyberjaya,,,,,,Manual Curation (public sources),Operational,,
"Shinsei Malaysia 1 (Labu, Negeri Sembilan)",Shinsei / Regal Orion,Shinsei / Regal Orion,2.7386579,101.8207566,v5.1,0.3733,,"Logical cloud-region pin, not a physical facility. Not eligible for land-transformation analysis; keep for reference.",Manual Curation,1,1.0,,Manual Curation (public sources),"Labu, Negeri Sembilan; also known as Regal Orion; single facility; datacentermap.com",Malaysia,Asia,MYS,South-Eastern Asia,,,geocoded,physical_facility,True,False,,,,"Shinsei Malaysia 1 (Labu, Negeri Sembilan)",,,,,,Manual Curation (public sources),Operational,,
Open DC CJ1 (Cyberjaya),Open DC,Open DC,2.9045353,101.6517597,v5.1,0.94,,"Logical cloud-region pin, not a physical facility. Not eligible for land-transformation analysis; keep for reference.",Manual Curation,1,1.0,,Manual Curation (public sources),"Jalan Cyber Point 4, Cyber 8; Cyberjaya; datacentermap.com",Malaysia,Asia,MYS,South-Eastern Asia,,,geocoded,physical_facility,True,False,,,,Open DC CJ1 (Cyberjaya),,,,,,Manual Curation (public sources),Operational,,
Open DC JB1 (Johor Bahru),Open DC,Open DC,1.4629805,103.7719136,v5.1,0.3733,,"Logical cloud-region pin, not a physical facility. Not eligible for land-transformation analysis; keep for reference.",Manual Curation,1,1.0,,Manual Curation (public sources),"Menara MSC Cyberport, No 5 Jalan Bukit Meldrum; Johor Bahru; datacentermap.com",Malaysia,Asia,MYS,South-Eastern Asia,,,geocoded,physical_facility,True,False,,,,Open DC JB1 (Johor Bahru),,,,,,Manual Curation (public sources),Operational,,
Infinaxis Cyberjaya 1,Infinaxis,Infinaxis,2.9158979,101.655345,v5.1,0.3733,,"Logical cloud-region pin, not a physical facility. Not eligible for land-transformation analysis; keep for reference.",Manual Curation,1,1.0,,Manual Curation (public sources),Multimedia Super Corridor; Tier III target; datacentermap.com snippet,Malaysia,Asia,MYS,South-Eastern Asia,,,geocoded,physical_facility,True,False,,,,Infinaxis Cyberjaya 1,,,,,,Manual Curation (public sources),Operational,,
PLTPro CX2 (Cyberjaya),PLTPro,PLTPro,2.9173478,101.6620513,v5.1,0.94,,"Logical cloud-region pin, not a physical facility. Not eligible for land-transformation analysis; keep for reference.",Manual Curation,1,1.0,,Manual Curation (public sources),"CX2 Computer Exchange, West Wing; Cyberjaya; datacentermap.com snippet",Malaysia,Asia,MYS,South-Eastern Asia,,,geocoded,physical_facility,True,False,,,,PLTPro CX2 (Cyberjaya),,,,,,Manual Curation (public sources),Operational,,
Edge Centres EC31 (Shah Alam),Edge Centres,Edge Centres,3.089453,101.58209,v5.1,0.3733,,"Logical cloud-region pin, not a physical facility. Not eligible for land-transformation analysis; keep for reference.",Manual Curation,1,1.0,,Manual Curation (public sources),Jalan Pengaturcara U1/51 Temasya Shah Alam; launched 2022; DCD; corrected from v5 audit,Malaysia,Asia,MYS,South-Eastern Asia,,,geocoded,physical_facility,True,False,,,,Edge Centres EC31 (Shah Alam),,,,,,Manual Curation (public sources),Operational,,2022.0
"OSM unnamed cluster (4 ways) near (1.7027, 103.4122)",,,1.70273,103.41225,v5.1,0.2833,,"Logical cloud-region pin, not a physical facility. Not eligible for land-transformation analysis; keep for reference.",OSM Only,1,1.0,"PC36+JW, 82100 Kayu Ara Pasong, Johor, Malaysia",,"osm_ways=1432337885,1432337904,1432337908,1432337909",Malaysia,Asia,MYS,South-Eastern Asia,,sedenak_cluster,source_native,physical_facility,False,False,,,,osm unnamed cluster 4 ways near 1 7027 103 4122,,1432337885.0,,,,OpenStreetMap,,,
"OSM unnamed cluster (2 ways) near (1.6941, 103.4199)",,,1.69411,103.419941,v5.1,0.2833,,"Logical cloud-region pin, not a physical facility. Not eligible for land-transformation analysis; keep for reference.",OSM Only,1,1.0,"MCV9+HJ Kayu Ara Pasong, Johor, Malaysia",,"osm_ways=1432337898,1432337912",Malaysia,Asia,MYS,South-Eastern Asia,,sedenak_cluster,source_native,physical_facility,False,False,,,,osm unnamed cluster 2 ways near 1 6941 103 4199,,1432337898.0,,,,OpenStreetMap,,,
Bridge Data Centres facility (Johor),Bridge Data Centres,Bridge Data Centres,1.4854,103.7618,v6_high,0.5967,,MIDA-sourced facility announcement with multi-source agreement (0 sibling(s) in corpus). Ready to merge.,MIDA Press Release,2,True,Johor,https://www.mida.gov.my/media-release/bridge-data-centres-and-bytedance-celebrate-grand-opening-of-the-first-phase-hyperscale-data-centre-my06-in-johor-malaysia/,"operators=Bridge Data Centres, Bytedance, Google | locations=Johor, Kuala Lumpur, Sedenak | capex=RM70 billion | mw=110MW, 100 MW | published=20 October 2022 | title=Bridge Data Centres And Bytedance Celebrate Grand Opening Of The First Phase Hyperscale Data Centre (My06) In Johor, Malaysia - MIDA | Malaysian Investment Development Authority || co_sources=https://www.mida.gov.my/mida-news/sydney-based-airtrunk-opens-data-centre-in-johor/",Malaysia,Asia,MYS,South-Eastern Asia,mida_candidates.csv,,geocoded_with_campus_offset,physical_facility,True,False,,,new,bridge data centres facility johor,tier1_colo,,,,,MIDA Press Release + 1 sibling(s),,,2026.0
Infinaxis facility (Cyberjaya),Infinaxis,Infinaxis,2.9188,101.6521,v6_high,0.73,,MIDA-sourced facility announcement with multi-source agreement (0 sibling(s) in corpus). Ready to merge.,MIDA Press Release,4,True,Cyberjaya,https://www.mida.gov.my/media-release/gaw-capital-partners-and-a3-capital-jointly-form-a-jv-platform-with-the-launch-of-the-first-infinaxis-data-centre-in-malaysia/,"operators=Infinaxis, Google | locations=Cyberjaya, Kuala Lumpur | capex=USD1.3 billion, US$33.6 billion, US$4bn | mw=12 MW | published=23 February 2023 | title=Gaw Capital Partners and A3 Capital Jointly Form a JV Platform with the Launch of the first Infinaxis Data Centre in Malaysia - MIDA | Malaysian Investment Development Authority || co_sources=https://www.mida.gov.my/mida-news/google-to-invest-rm9-4-bln-in-malaysia-develop-data-centre-cloud-region/; https://www.mida.gov.my/mida-news/equinix-continues-expansion-plan-unveils-new-data-centre/; https://www.mida.gov.my/mida-news/mah-sing-launches-mah-sing-dc-hub-southville-city-with-bridge-data-centres/",Malaysia,Asia,MYS,South-Eastern Asia,mida_candidates.csv,,geocoded_with_campus_offset,physical_facility,True,False,,,new,infinaxis facility cyberjaya,tier2_colo,,,,,MIDA Press Release + 3 sibling(s),,,2026.0
AWS facility (Kuala Lumpur),AWS,AWS,3.139,101.6869,v6_high,0.88,,MIDA-sourced facility announcement with multi-source agreement (3 sibling(s) in corpus). Ready to merge.,MIDA Press Release,7,True,Kuala Lumpur,https://www.mida.gov.my/media-release/amazon-web-services-aws-announces-rm25-5-billion-investment-to-launch-an-aws-cloud-computing-infrastructure-in-malaysia/,"operators=AWS, Google | locations=Kuala Lumpur | capex=RM25.5 Billion, RM25.5 Billion, RM25.5 Billion | published=2 March 2023 | title=Amazon Web Services (AWS) Announces RM25.5 Billion Investment to Launch an AWS Cloud Computing Infrastructure In Malaysia - MIDA | Malaysian Investment Development Authority || operators=AWS, Google | locations=Kuala Lumpur | capex=US$8.8 billion, US$8.5 billion, US$17.6 billion | published=2025-01-06 | title=AWS sees strong growth in Asean cloud services market - MIDA | Malaysian Investment Development Authority || co_sources=https://www.mida.gov.my/media-release/mida-applauds-microsofts-establishment-of-cutting-edge-cloud-and-ai-infrastructure-propelling-malaysia-ahead-of-the-curve-in-digital-transformation/; https://www.mida.gov.my/mida-news/mah-sing-partners-bridge-data-centres-to-launch-mah-sing-dc-hubsouthville-city/; https://www.st.gov.my/stakeholders/electricity/list-of-registered-electricity-industry-professionals-and-licensees/list-public-distribution-licensee?page=32",Malaysia,Asia,MYS,South-Eastern Asia,mida_candidates.csv,,geocoded_with_campus_offset,physical_facility,True,False,11.1,AWS Asia Pacific (Malaysia),duplicate_proximity,aws facility kuala lumpur,hyperscaler,,,,,MIDA Press Release + 3 sibling(s),,,2027.0
Google facility (Selangor),Google,Google,3.0738,101.5183,v6_high,0.73,,MIDA-sourced facility announcement with multi-source agreement (0 sibling(s) in corpus). Ready to merge.,MIDA Press Release,3,True,Selangor,https://www.mida.gov.my/mida-news/googles-malaysia-data-centre-sets-new-standard-for-power-water-usage-efficiency/,"operators=Google | locations=Selangor | capex=RM123.5 billion, US$2 billion, US$3.2 billion | published=2024-10-13 | title=Google’s Malaysia data centre sets new standard for power, water usage efficiency - MIDA | Malaysian Investment Development Authority || co_sources=https://www.st.gov.my/stakeholders/electricity/list-of-registered-electricity-industry-professionals-and-licensees/list-public-distribution-licensee?page=7; https://www.st.gov.my/stakeholders/electricity/list-of-registered-electricity-industry-professionals-and-licensees/list-public-distribution-licensee?page=32",Malaysia,Asia,MYS,South-Eastern Asia,mida_candidates.csv,,geocoded_with_campus_offset,physical_facility,True,False,,,new,google facility selangor,hyperscaler,,,,,MIDA Press Release + 2 sibling(s),,,2026.0
Telekom Malaysia facility (Klang),Telekom Malaysia,Telekom Malaysia,3.0446,101.445,v6_review,0.3133,,MIDA release describing an exploratory / unbuilt project. Keep tracking; promote when a ground-breaking or operational announcement follows.,MIDA Press Release,1,True,Klang,https://www.mida.gov.my/mida-news/telekom-malaysia-said-to-be-exploring-plans-to-build-new-hyperscale-data-centre/,"operators=Telekom Malaysia, Google | locations=Klang, Iskandar Puteri, Iskandar | capex=RM2.53 billion, RM22.87 billion | mw=40 Megawatts | published=2024-02-08 | title=Telekom Malaysia said to be exploring plans to build new hyperscale data centre - MIDA | Malaysian Investment Development Authority",Malaysia,Asia,MYS,South-Eastern Asia,mida_candidates.csv,,geocoded_with_campus_offset,physical_facility,True,False,,,new,telekom malaysia facility klang,sovereign_telco,,,,,MIDA Press Release,,,2026.0
Google facility (Petaling Jaya),Google,Google,3.1073,101.6067,v6_review,0.3133,,"Operator IR release referencing a DC-adjacent JV or stake, not a facility per se. Probably not promotable unless the JV produces a specific build.",Gamuda Press Release,1,True,Petaling Jaya,https://gamuda.com/2024/12/gamuda-to-acquire-20-stake-in-google-cloud-partner-for-rm18-million/press-releases/,"operators=Google | locations=Petaling Jaya, Penang | capex=RM18 million, RM18 million, RM18 million | published=10 December 2024 | title=Gamuda to acquire 20% stake in Google Cloud partner for RM18 million | Gamuda Berhad",Malaysia,Asia,MYS,South-Eastern Asia,operator_ir_candidates.csv,,geocoded_with_campus_offset,physical_facility,True,False,,,new,google facility petaling jaya,hyperscaler,,,,,Gamuda Press Release,,,2026.0
JARING Bukit Jalil,Data Center Facility,Data Center Facility,3.046839,101.688963,v6_review,0.2833,,PeeringDB single-source discovery. High intrinsic quality (operator self-registered with coords) but needs a second source to auto-promote. Check against local press or OSM.,PeeringDB,1,True,"Technology Park Malaysia, Kuala Lumpur, 57000",https://www.peeringdb.com/fac/610,pdb_id=610 | clli= | region=Asia Pacific | status=ok,Malaysia,Asia,MYS,South-Eastern Asia,peeringdb_candidates.csv,,source_native,physical_facility,True,False,,,new,jaring bukit jalil,tier2_colo,,,,,PeeringDB fac 610,,,
NTT Cyberjaya Data Center (CBJ),NTT DATA's Global Data Centers division,NTT DATA's Global Data Centers division,,,v6_review,0.2233,,PeeringDB single-source discovery. High intrinsic quality (operator self-registered with coords) but needs a second source to auto-promote. Check against local press or OSM.,PeeringDB,1,True,"43000 Jalan APEC, Cyberjaya, 63000",https://www.peeringdb.com/fac/1902,pdb_id=1902 | clli= | region=Asia Pacific | status=ok,Malaysia,Asia,MYS,South-Eastern Asia,peeringdb_candidates.csv,,,physical_facility,True,False,,,new,ntt cyberjaya data center cbj,tier1_colo,,,,,PeeringDB fac 1902,,,
AIMS CJ1 Cyberjaya,AIMS Data Centre Sdn Bhd,AIMS Data Centre Sdn Bhd,,,v6_review,0.2233,,PeeringDB single-source discovery. High intrinsic quality (operator self-registered with coords) but needs a second source to auto-promote. Check against local press or OSM.,PeeringDB,1,True,"Jalan Cyber Point 4, Cyberjaya, 63000",https://www.peeringdb.com/fac/3168,pdb_id=3168 | clli= | region=Asia Pacific | status=ok,Malaysia,Asia,MYS,South-Eastern Asia,peeringdb_candidates.csv,,,physical_facility,True,False,,,new,aims cj1 cyberjaya,tier2_colo,,,,,PeeringDB fac 3168,,,
CX5 / MY02 Cyberjaya Malaysia,Bridge Data Centres,Bridge Data Centres,2.914565,101.649916,v6_review,0.2833,,PeeringDB single-source discovery. High intrinsic quality (operator self-registered with coords) but needs a second source to auto-promote. Check against local press or OSM.,PeeringDB,1,True,"MY02, Cyberjaya, 63000",https://www.peeringdb.com/fac/4712,pdb_id=4712 | clli= | region=Asia Pacific | status=ok,Malaysia,Asia,MYS,South-Eastern Asia,peeringdb_candidates.csv,,source_native,physical_facility,True,False,,,new,cx5 my02 cyberjaya malaysia,tier1_colo,,,,,PeeringDB fac 4712,,,
"TM ONE Brickfields City DC, Kuala Lumpur",Telekom Malaysia Berhad (TM),Telekom Malaysia Berhad (TM),,,v6_review,0.2233,,PeeringDB single-source discovery. High intrinsic quality (operator self-registered with coords) but needs a second source to auto-promote. Check against local press or OSM.,PeeringDB,1,True,"Jalan Tun Sambathan, Brickfields, 50470",https://www.peeringdb.com/fac/5644,pdb_id=5644 | clli= | region=Asia Pacific | status=ok,Malaysia,Asia,MYS,South-Eastern Asia,peeringdb_candidates.csv,,,physical_facility,True,False,,,new,tm one brickfields city dc kuala lumpur,sovereign_telco,,,,,PeeringDB fac 5644,,,
"TM ONE, Plaza VADS",Telekom Malaysia Berhad (TM),Telekom Malaysia Berhad (TM),3.139446,101.630177,v6_review,0.2833,,PeeringDB single-source discovery. High intrinsic quality (operator self-registered with coords) but needs a second source to auto-promote. Check against local press or OSM.,PeeringDB,1,True,"Plaza VADS, Kuala Lumpur, 60000",https://www.peeringdb.com/fac/5654,pdb_id=5654 | clli= | region=Asia Pacific | status=ok,Malaysia,Asia,MYS,South-Eastern Asia,peeringdb_candidates.csv,,source_native,physical_facility,True,False,,,new,tm one plaza vads,sovereign_telco,,,,,PeeringDB fac 5654,,,
"TM ONE KVDC, Cyberjaya",Telekom Malaysia Berhad (TM),Telekom Malaysia Berhad (TM),,,v6_review,0.2233,,PeeringDB single-source discovery. High intrinsic quality (operator self-registered with coords) but needs a second source to auto-promote. Check against local press or OSM.,PeeringDB,1,True,"Lingkaran Teknokrat Timur, Cyberjaya, 63000",https://www.peeringdb.com/fac/5655,pdb_id=5655 | clli= | region=Asia Pacific | status=ok,Malaysia,Asia,MYS,South-Eastern Asia,peeringdb_candidates.csv,,,physical_facility,True,False,,,new,tm one kvdc cyberjaya,sovereign_telco,,,,,PeeringDB fac 5655,,,
"TM ONE CBJ8, Cyberjaya",Telekom Malaysia Berhad (TM),Telekom Malaysia Berhad (TM),,,v6_review,0.2233,,PeeringDB single-source discovery. High intrinsic quality (operator self-registered with coords) but needs a second source to auto-promote. Check against local press or OSM.,PeeringDB,1,True,"Jalan Cyber Point 4, Cyberjaya, 63000",https://www.peeringdb.com/fac/5769,pdb_id=5769 | clli= | region=Asia Pacific | status=ok,Malaysia,Asia,MYS,South-Eastern Asia,peeringdb_candidates.csv,,,physical_facility,True,False,,,new,tm one cbj8 cyberjaya,sovereign_telco,,,,,PeeringDB fac 5769,,,
"TM ONE PG1, Penang",Telekom Malaysia Berhad (TM),Telekom Malaysia Berhad (TM),5.424515,100.325495,v6_review,0.2833,,PeeringDB single-source discovery. High intrinsic quality (operator self-registered with coords) but needs a second source to auto-promote. Check against local press or OSM.,PeeringDB,1,True,"39, Jalan Sultan Ahmad Shah, Georgetown, 10050",https://www.peeringdb.com/fac/5770,pdb_id=5770 | clli= | region=Asia Pacific | status=ok,Malaysia,Asia,MYS,South-Eastern Asia,peeringdb_candidates.csv,,source_native,physical_facility,True,False,,,new,tm one pg1 penang,sovereign_telco,,,,,PeeringDB fac 5770,,,
ModernOne Data Solutions Sdn. Bhd.,ModernOne Data Solutions Sdn. Bhd.,ModernOne Data Solutions Sdn. Bhd.,2.977314,101.796223,v6_review,0.2833,,PeeringDB single-source discovery. High intrinsic quality (operator self-registered with coords) but needs a second source to auto-promote. Check against local press or OSM.,PeeringDB,1,True,"No 93-2A, Jalan TKS 1,, Kajang, 4000",https://www.peeringdb.com/fac/6018,pdb_id=6018 | clli= | region=Asia Pacific | status=ok,Malaysia,Asia,MYS,South-Eastern Asia,peeringdb_candidates.csv,,source_native,physical_facility,True,False,,,new,modernone data solutions sdn bhd,tier2_colo,,,,,PeeringDB fac 6018,,,
"DANAWA DC, Kuching",Danawa Resources Sdn Bhd,Danawa Resources Sdn Bhd,1.51404,110.374811,v6_review,0.2833,,PeeringDB single-source discovery. High intrinsic quality (operator self-registered with coords) but needs a second source to auto-promote. Check against local press or OSM.,PeeringDB,1,True,"Setia Commercial Centre, Kuching, 93350",https://www.peeringdb.com/fac/6488,pdb_id=6488 | clli= | region=Asia Pacific | status=ok,Malaysia,Asia,MYS,South-Eastern Asia,peeringdb_candidates.csv,,source_native,physical_facility,True,False,,,new,danawa dc kuching,tier2_colo,,,,,PeeringDB fac 6488,,,
SACOFA Kuching,SACOFA Sdn. Bhd.,SACOFA Sdn. Bhd.,1.553771,110.329429,v6_review,0.2833,,PeeringDB single-source discovery. High intrinsic quality (operator self-registered with coords) but needs a second source to auto-promote. Check against local press or OSM.,PeeringDB,1,True,"Lot 367, Jalan Satok, Kuching, 93400",https://www.peeringdb.com/fac/7013,pdb_id=7013 | clli= | region=Asia Pacific | status=ok,Malaysia,Asia,MYS,South-Eastern Asia,peeringdb_candidates.csv,,source_native,physical_facility,True,False,,,new,sacofa kuching,tier2_colo,,,,,PeeringDB fac 7013,,,
"TM ONE CBJ2, Cyberjaya",Telekom Malaysia Berhad (TM),Telekom Malaysia Berhad (TM),,,v6_review,0.2233,,PeeringDB single-source discovery. High intrinsic quality (operator self-registered with coords) but needs a second source to auto-promote. Check against local press or OSM.,PeeringDB,1,True,"Jalan Lingkaran Fauna, Cyberjaya, 63000",https://www.peeringdb.com/fac/8711,pdb_id=8711 | clli= | region=Asia Pacific | status=ok,Malaysia,Asia,MYS,South-Eastern Asia,peeringdb_candidates.csv,,,physical_facility,True,False,,,new,tm one cbj2 cyberjaya,sovereign_telco,,,,,PeeringDB fac 8711,,,
IP ServerOne MYIX-CJ1,IP ServerOne Solutions Sdn Bhd,IP ServerOne Solutions Sdn Bhd,,,v6_review,0.2233,,PeeringDB single-source discovery. High intrinsic quality (operator self-registered with coords) but needs a second source to auto-promote. Check against local press or OSM.,PeeringDB,1,True,"Jalan Cyber Point 4,, Cyberjaya, 63000",https://www.peeringdb.com/fac/8746,pdb_id=8746 | clli= | region=Asia Pacific | status=ok,Malaysia,Asia,MYS,South-Eastern Asia,peeringdb_candidates.csv,,,physical_facility,True,False,,,new,ip serverone myix cj1,tier2_colo,,,,,PeeringDB fac 8746,,,
Keppel Data Centres | Keppel DC Johor 1,Keppel Data Centres Holding Pte Ltd,Keppel Data Centres Holding Pte Ltd,,,v6_review,0.2233,,PeeringDB single-source discovery. High intrinsic quality (operator self-registered with coords) but needs a second source to auto-promote. Check against local press or OSM.,PeeringDB,1,True,"Sedenak, Kulai, Johor, 0000",https://www.peeringdb.com/fac/9747,pdb_id=9747 | clli= | region=Asia Pacific | status=ok,Malaysia,Asia,MYS,South-Eastern Asia,peeringdb_candidates.csv,,,physical_facility,True,False,,,new,keppel data centres keppel dc johor 1,tier1_colo,,,,,PeeringDB fac 9747,,,
Open DC JB2 - Menara Ansar,OPEN DC SDN BHD,OPEN DC SDN BHD,1.460311,103.76285,v6_review,0.2833,,PeeringDB single-source discovery. High intrinsic quality (operator self-registered with coords) but needs a second source to auto-promote. Check against local press or OSM.,PeeringDB,1,True,"Menara Ansar, Johor Bahru, 80000",https://www.peeringdb.com/fac/11025,pdb_id=11025 | clli= | region=Asia Pacific | status=ok,Malaysia,Asia,MYS,South-Eastern Asia,peeringdb_candidates.csv,,source_native,physical_facility,True,False,,,new,open dc jb2 menara ansar,tier2_colo,,,,,PeeringDB fac 11025,,,
MEASAT  DC Cyberjaya,MEASAT Satellite Systems,MEASAT Satellite Systems,2.935558,101.65836,v6_review,0.2833,,PeeringDB single-source discovery. High intrinsic quality (operator self-registered with coords) but needs a second source to auto-promote. Check against local press or OSM.,PeeringDB,1,True,"Measat Teleport Broadcast Center, Jalan Teknokrat 1/2, Cyberjaya, 63000",https://www.peeringdb.com/fac/11926,pdb_id=11926 | clli= | region=Asia Pacific | status=ok,Malaysia,Asia,MYS,South-Eastern Asia,peeringdb_candidates.csv,,source_native,physical_facility,True,False,,,new,measat dc cyberjaya,tier2_colo,,,,,PeeringDB fac 11926,,,
SAFEHOUSE Data Centre,i-Tech Network Solutions Sdn Bhd,i-Tech Network Solutions Sdn Bhd,3.165702,101.653155,v6_review,0.2833,,PeeringDB single-source discovery. High intrinsic quality (operator self-registered with coords) but needs a second source to auto-promote. Check against local press or OSM.,PeeringDB,1,True,"Level 31, Menara 1MK, Mont' Kiara, 50480",https://www.peeringdb.com/fac/12537,pdb_id=12537 | clli= | region=Asia Pacific | status=ok,Malaysia,Asia,MYS,South-Eastern Asia,peeringdb_candidates.csv,,source_native,physical_facility,True,False,,,new,safehouse data centre,tier2_colo,,,,,PeeringDB fac 12537,,,
irix Tier IV DC @ Santubong 1,IRIX,IRIX,,,v6_review,0.2233,,PeeringDB single-source discovery. High intrinsic quality (operator self-registered with coords) but needs a second source to auto-promote. Check against local press or OSM.,PeeringDB,1,True,"Lot 727, Block 3, Salak Land District Jalan Sultan Tengah, Santubong, Kuching, 93010",https://www.peeringdb.com/fac/12841,pdb_id=12841 | clli= | region=Asia Pacific | status=ok,Malaysia,Asia,MYS,South-Eastern Asia,peeringdb_candidates.csv,,,physical_facility,True,False,,,new,irix tier iv dc santubong 1,tier2_colo,,,,,PeeringDB fac 12841,,,
AIMS Cyberjaya,AIMS Data Centre Sdn Bhd,AIMS Data Centre Sdn Bhd,,,v6_review,0.2233,,PeeringDB single-source discovery. High intrinsic quality (operator self-registered with coords) but needs a second source to auto-promote. Check against local press or OSM.,PeeringDB,1,True,"Jalan Teknokrat 1/2, Cyber 3, Cyberjaya, 63000",https://www.peeringdb.com/fac/13120,pdb_id=13120 | clli= | region=Asia Pacific | status=ok,Malaysia,Asia,MYS,South-Eastern Asia,peeringdb_candidates.csv,,,physical_facility,True,False,,,new,aims cyberjaya,tier2_colo,,,,,PeeringDB fac 13120,,,
Open DC PE1 - Suntech Penang Cybercity,OPEN DC SDN BHD,OPEN DC SDN BHD,5.325826,100.286772,v6_review,0.2833,,PeeringDB single-source discovery. High intrinsic quality (operator self-registered with coords) but needs a second source to auto-promote. Check against local press or OSM.,PeeringDB,1,True,"Level 12B, Suntech @ Penang Cybercity, Penang, 11950",https://www.peeringdb.com/fac/14325,pdb_id=14325 | clli= | region=Asia Pacific | status=ok,Malaysia,Asia,MYS,South-Eastern Asia,peeringdb_candidates.csv,,source_native,physical_facility,True,False,,,new,open dc pe1 suntech penang cybercity,tier2_colo,,,,,PeeringDB fac 14325,,,
JH1,Princeton Digital Group,Princeton Digital Group,1.664183,103.529826,v6_review,0.2833,,PeeringDB single-source discovery. High intrinsic quality (operator self-registered with coords) but needs a second source to auto-promote. Check against local press or OSM.,PeeringDB,1,True,"No.15, Jalan Digital Utama, Taman Perindustrian Kulai, 81020 Bukit Batu, Johor, 81020",https://www.peeringdb.com/fac/14647,pdb_id=14647 | clli= | region=Asia Pacific | status=ok,Malaysia,Asia,MYS,South-Eastern Asia,peeringdb_candidates.csv,,source_native,physical_facility,True,False,,,new,jh1,tier1_colo,,,,,PeeringDB fac 14647,,,
STT Johor 1,ST Telemedia Global Data Centres (STT GDC),ST Telemedia Global Data Centres (STT GDC),1.443716,103.611792,v6_review,0.2833,,PeeringDB single-source discovery. High intrinsic quality (operator self-registered with coords) but needs a second source to auto-promote. Check against local press or OSM.,PeeringDB,1,True,"Nusa Cemerlang Industrial Park, Gelang Patah, 81550",https://www.peeringdb.com/fac/14883,pdb_id=14883 | clli= | region=Asia Pacific | status=ok,Malaysia,Asia,MYS,South-Eastern Asia,peeringdb_candidates.csv,,source_native,physical_facility,True,False,,,new,stt johor 1,tier1_colo,,,,,PeeringDB fac 14883,,,
MY03,Bridge Data Centres,Bridge Data Centres,3.045559,101.693271,v6_review,0.2833,,PeeringDB single-source discovery. High intrinsic quality (operator self-registered with coords) but needs a second source to auto-promote. Check against local press or OSM.,PeeringDB,1,True,"No.11,, Kuala Lumpur, 57000",https://www.peeringdb.com/fac/15718,pdb_id=15718 | clli= | region=Asia Pacific | status=ok,Malaysia,Asia,MYS,South-Eastern Asia,peeringdb_candidates.csv,,source_native,physical_facility,True,False,,,new,my03,tier1_colo,,,,,PeeringDB fac 15718,,,
MY07,Bridge Data Centres,Bridge Data Centres,,,v6_review,0.2233,,PeeringDB single-source discovery. High intrinsic quality (operator self-registered with coords) but needs a second source to auto-promote. Check against local press or OSM.,PeeringDB,1,True,"Johor, Johor, 00000",https://www.peeringdb.com/fac/15720,pdb_id=15720 | clli= | region=Asia Pacific | status=ok,Malaysia,Asia,MYS,South-Eastern Asia,peeringdb_candidates.csv,,,physical_facility,True,False,,,new,my07,tier1_colo,,,,,PeeringDB fac 15720,,,
Open DC D8-1 - Bukit Kayu Hitam,OPEN DC SDN BHD,OPEN DC SDN BHD,,,v6_review,0.2233,,PeeringDB single-source discovery. High intrinsic quality (operator self-registered with coords) but needs a second source to auto-promote. Check against local press or OSM.,PeeringDB,1,True,"Bukit Kayu Hitam, Bukit Kayu Hitam, 06060",https://www.peeringdb.com/fac/16281,pdb_id=16281 | clli= | region=Asia Pacific | status=ok,Malaysia,Asia,MYS,South-Eastern Asia,peeringdb_candidates.csv,,,physical_facility,True,False,,,new,open dc d8 1 bukit kayu hitam,tier2_colo,,,,,PeeringDB fac 16281,,,
NEXTDC KL1,NEXTDC,NEXTDC,,,v6_review,0.2233,,PeeringDB single-source discovery. High intrinsic quality (operator self-registered with coords) but needs a second source to auto-promote. Check against local press or OSM.,PeeringDB,1,True,"PT250, Jalan 51A/229, Petaling Jaya, 46100",https://www.peeringdb.com/fac/16704,pdb_id=16704 | clli= | region=Asia Pacific | status=ok,Malaysia,Asia,MYS,South-Eastern Asia,peeringdb_candidates.csv,,,physical_facility,True,False,,,new,nextdc kl1,tier2_colo,,,,,PeeringDB fac 16704,,,
BRIDGE DATA CENTRES MALAYSIA SDN BHD (Sepang),BRIDGE DATA CENTRES MALAYSIA SDN BHD,BRIDGE DATA CENTRES MALAYSIA SDN BHD,2.6895,101.6993,v6_review,0.3133,,Energy Commission licensee matching a DC-suggestive keyword. May be a genuine licensed DC or a false positive (shopping mall / hospital / office tower matching 'centre'). Confirm via operator lookup.,Energy Commission License,1,True,"LOT PT 12144 DAN PT 12145, MUKIM DENGKIL, DAERAH SEPANG, 63000, SELANGOR",https://www.st.gov.my/stakeholders/electricity/list-of-registered-electricity-industry-professionals-and-licensees/list-public-distribution-licensee?page=5,match=keyword:data | capacity=21.25 | licensed=8 November 2021..8 October 2031,Malaysia,Asia,MYS,South-Eastern Asia,st_candidates.csv,,geocoded_with_campus_offset,physical_facility,True,False,,,new,bridge data centres malaysia sdn bhd sepang,tier1_colo,,,,,Energy Commission License,,,2021.0
UNIVERSITI TELEKOM SDN BHD (Melaka),UNIVERSITI TELEKOM SDN BHD,UNIVERSITI TELEKOM SDN BHD,2.1896,102.2501,v6_review,0.3133,,Energy Commission licensee matching a DC-suggestive keyword. May be a genuine licensed DC or a false positive (shopping mall / hospital / office tower matching 'centre'). Confirm via operator lookup.,Energy Commission License,1,True,"PT7216, LOT 11662, LOT 11721, LOT 11724 BUKIT BARU MELAKA TENGAH 75450 MELAKA",https://www.st.gov.my/stakeholders/electricity/list-of-registered-electricity-industry-professionals-and-licensees/list-public-distribution-licensee?page=35,match=keyword:telekom | capacity=8.00 | licensed=5 January 2024..5 December 2033,Malaysia,Asia,MYS,South-Eastern Asia,st_candidates.csv,,geocoded_with_campus_offset,physical_facility,True,False,,,new,universiti telekom sdn bhd melaka,tier2_colo,,,,,Energy Commission License,,,2024.0
